{
  "precision": 0.9275491154192248,
  "recall": 0.9273616412213741,
  "f1": 0.9274346021738512
}
