{
  "precision": 0.9379423799214712,
  "recall": 0.938023330709225,
  "f1": 0.9378872232423819
}