{
  "precision": 0.9447676053638162,
  "recall": 0.9446564885496184,
  "f1": 0.9446994916058463
}
