{
  "C": 0.2598289599943203,
  "model": "LinearSVC",
  "accuracy": 0.9213665822276775
}