{
  "precision": 0.9282683483619992,
  "recall": 0.9273616412213741,
  "f1": 0.9275894119728486
}
